DROP TABLE "TB_GRADE";
DROP TABLE "TB_CLASS_PROFESSOR";
DROP TABLE "TB_STUDENT";
DROP TABLE "TB_CLASS";
DROP TABLE "TB_PROFESSOR";
DROP TABLE "TB_DEPARTMENT";

CREATE TABLE "TB_STUDENT" (
	"STUDENT_NO"	VARCHAR2(15)		NOT NULL,
	"STUDENT_NAME"	VARCHAR2(30)		NOT NULL,
	"STUDENT_SSN"	VARCHAR2(14)		NULL,
	"STUDENT_ADDRESS"	VARCHAR2(100)		NULL,
	"ENTRANCE_DATE"	DATE		NULL,
	"ABSENCE_YN"	CHAR(1)		NULL,
	"DEPARTMENT_NO"	VARCHAR2(10)		NOT NULL,
    "COACH_PROFESSOR_NO"	VARCHAR2(10)		NOT NULL
);

COMMENT ON COLUMN "TB_STUDENT"."STUDENT_NO" IS '학번 YYYYN...구성';

COMMENT ON COLUMN "TB_STUDENT"."STUDENT_NAME" IS '학생이름';

CREATE TABLE "TB_CLASS_PROFESSOR" (
	"CLASS_NO"	VARCHAR2(10)		NOT NULL,
	"PROFESSOR_NO"	VARCHAR2(10)		NOT NULL
);

CREATE TABLE "TB_PROFESSOR" (
	"PROFESSOR_NO"	VARCHAR2(10)		NOT NULL,
	"PROFESSOR_NAME"	VARCHAR2(30)		NOT NULL,
	"PROFESSOR_SSN"	VARCHAR2(14)		NULL,
	"PROFESSOR_ADDRESS"	VARCHAR2(100)		NULL,
	"DEPARTMENT_NO"	VARCHAR2(10)		NOT NULL
);

CREATE TABLE "TB_DEPARTMENT" (
	"DEPARTMENT_NO"	VARCHAR2(10)		NOT NULL,
	"DEPARTMENT_NAME"	VARCHAR2(20)		NOT NULL,
	"CATEGORY"	VARCHAR2(20)		NULL,
	"OPEN_YN"	CHAR(1)		NULL,
	"CAPACITY"	NUMBER		NULL
);

CREATE TABLE "TB_CLASS" (
	"CLASS_NO"	VARCHAR2(10)		NOT NULL,
	"PREATTENDING_CLASS_NO"	VARCHAR2(10)		NULL,
	"CLASS_NAME"	VARCHAR2(30)		NOT NULL,
	"CLASS_TYPE"	VARCHAR2(10)		NULL,
	"DEPARTMENT_NO"	VARCHAR2(10)		NOT NULL
);

CREATE TABLE "TB_GRADE" (
	"TERM_NO"	VARCHAR2(10)		NOT NULL,
	"STUDENT_NO"	VARCHAR2(15)		NOT NULL,
	"CLASS_NO"	VARCHAR2(10)		NOT NULL,
	"POINT"	NUMBER(3,2)		NULL
);

COMMENT ON COLUMN "TB_GRADE"."STUDENT_NO" IS '학번 YYYYN...구성';

ALTER TABLE "TB_STUDENT" ADD CONSTRAINT "PK_TB_STUDENT" PRIMARY KEY (
	"STUDENT_NO"
);

ALTER TABLE "TB_CLASS_PROFESSOR" ADD CONSTRAINT "PK_TB_CLASS_PROFESSOR" PRIMARY KEY (
	"CLASS_NO",
	"PROFESSOR_NO"
);

ALTER TABLE "TB_PROFESSOR" ADD CONSTRAINT "PK_TB_PROFESSOR" PRIMARY KEY (
	"PROFESSOR_NO"
);

ALTER TABLE "TB_DEPARTMENT" ADD CONSTRAINT "PK_TB_DEPARTMENT" PRIMARY KEY (
	"DEPARTMENT_NO"
);

ALTER TABLE "TB_CLASS" ADD CONSTRAINT "PK_TB_CLASS" PRIMARY KEY (
	"CLASS_NO"
);

ALTER TABLE "TB_GRADE" ADD CONSTRAINT "PK_TB_GRADE" PRIMARY KEY (
	"TERM_NO",
	"STUDENT_NO",
	"CLASS_NO"
);

ALTER TABLE "TB_CLASS_PROFESSOR" ADD CONSTRAINT "FK_TB_CLASS_TO_TB_CLASS_PROFESSOR_1" FOREIGN KEY (
	"CLASS_NO"
)
REFERENCES "TB_CLASS" (
	"CLASS_NO"
);

ALTER TABLE "TB_STUDENT" ADD CONSTRAINT "FK_TB_PROFESSOR_TO_TB_STUDENT_1" FOREIGN KEY (
	"COACH_PROFESSOR_NO"
)
REFERENCES "TB_PROFESSOR" (
	"PROFESSOR_NO"
);

ALTER TABLE "TB_CLASS_PROFESSOR" ADD CONSTRAINT "FK_TB_PROFESSOR_TO_TB_CLASS_PROFESSOR_1" FOREIGN KEY (
	"PROFESSOR_NO"
)
REFERENCES "TB_PROFESSOR" (
	"PROFESSOR_NO"
);

ALTER TABLE "TB_GRADE" ADD CONSTRAINT "FK_TB_STUDENT_TO_TB_GRADE_1" FOREIGN KEY (
	"STUDENT_NO"
)
REFERENCES "TB_STUDENT" (
	"STUDENT_NO"
);

ALTER TABLE "TB_GRADE" ADD CONSTRAINT "FK_TB_CLASS_TO_TB_GRADE_1" FOREIGN KEY (
	"CLASS_NO"
)
REFERENCES "TB_CLASS" (
	"CLASS_NO"
);

ALTER TABLE "TB_STUDENT" ADD CONSTRAINT "FK_TB_DEPARTMENT_TO_TB_STUDENT_1" FOREIGN KEY (
	"DEPARTMENT_NO"
)
REFERENCES "TB_DEPARTMENT" (
	"DEPARTMENT_NO"
);

ALTER TABLE "TB_PROFESSOR" ADD CONSTRAINT "FK_TB_DEPARTMENT_TO_TB_PROFESSOR_1" FOREIGN KEY (
	"DEPARTMENT_NO"
)
REFERENCES "TB_DEPARTMENT" (
	"DEPARTMENT_NO"
);

ALTER TABLE "TB_CLASS" ADD CONSTRAINT "FK_TB_DEPARTMENT_TO_TB_CLASS_1" FOREIGN KEY (
	"DEPARTMENT_NO"
)
REFERENCES "TB_DEPARTMENT" (
	"DEPARTMENT_NO"
);

INSERT INTO TB_DEPARTMENT (DEPARTMENT_NO, DEPARTMENT_NAME, CATEGORY, OPEN_YN, CAPACITY)
VALUES ('001', '국어국문학과', '인문사회', 'Y', 20);
INSERT INTO TB_DEPARTMENT (DEPARTMENT_NO, DEPARTMENT_NAME, CATEGORY, OPEN_YN, CAPACITY)
VALUES ('002', '신문방송학과', '인문사회', 'Y', 20);

INSERT INTO TB_CLASS (CLASS_NO, DEPARTMENT_NO, PREATTENDING_CLASS_NO, CLASS_NAME, CLASS_TYPE)
VALUES ('C0245500', '001', NULL, '고전시가론특강', '전선');
INSERT INTO TB_CLASS (CLASS_NO, DEPARTMENT_NO, PREATTENDING_CLASS_NO, CLASS_NAME, CLASS_TYPE)
VALUES ('C0245501', '002', NULL, '기사작성실습', '전선');

INSERT INTO TB_PROFESSOR (PROFESSOR_NO, PROFESSOR_NAME, PROFESSOR_SSN, PROFESSOR_ADDRESS, DEPARTMENT_NO)
VALUES ('P001', '김진영', '500530-1102646', '서울시 강서구 등촌1동 대동아파트103-704', '001');
INSERT INTO TB_PROFESSOR (PROFESSOR_NO, PROFESSOR_NAME, PROFESSOR_SSN, PROFESSOR_ADDRESS, DEPARTMENT_NO)
VALUES ('P002', '김진수', '500530-1102646', '서울시 강서구 등촌1동 대동아파트103-704', '001');

INSERT INTO TB_CLASS_PROFESSOR (CLASS_NO, PROFESSOR_NO)
VALUES ('C0245500', 'P001');
INSERT INTO TB_CLASS_PROFESSOR (CLASS_NO, PROFESSOR_NO)
VALUES ('C0245501', 'P002');

INSERT INTO TB_STUDENT (STUDENT_NO, DEPARTMENT_NO, STUDENT_NAME, STUDENT_SSN, STUDENT_ADDRESS, ENTRANCE_DATE, ABSENCE_YN, COACH_PROFESSOR_NO)
VALUES ('A213046', '001', '서가람', '830530-2124663', '경기도 군포시 산본동 1052번지 대림아파트 724-301호', to_date('01-03-2002', 'dd-mm-yyyy'), 'N', 'P001');
INSERT INTO TB_STUDENT (STUDENT_NO, DEPARTMENT_NO, STUDENT_NAME, STUDENT_SSN, STUDENT_ADDRESS, ENTRANCE_DATE, ABSENCE_YN, COACH_PROFESSOR_NO)
VALUES ('A213047', '002', '이상훈', '830530-2124664', '경기도 군포시 산본동 1052번지 대림아파트 724-301호', to_date('01-03-2002', 'dd-mm-yyyy'), 'N', 'P002');

INSERT INTO TB_GRADE (TERM_NO, STUDENT_NO, CLASS_NO, POINT)
VALUES ('200601', 'A213046', 'C0245500', 1.5);
INSERT INTO TB_GRADE (TERM_NO, STUDENT_NO, CLASS_NO, POINT)
VALUES ('200602', 'A213047', 'C0245501', 1.5);